p, Quản trị viên hệ thống, roleclaims, list
p, Quản trị viên hệ thống, roleclaims, create
p, Quản trị viên hệ thống, roleclaims, show
p, Quản trị viên hệ thống, roleclaims, edit
p, Quản trị viên hệ thống, roleclaims, delete
p, Quản trị viên hệ thống, users, list
p, Quản trị viên hệ thống, users, create
p, Quản trị viên hệ thống, users, show
p, Quản trị viên hệ thống, users, edit
p, Quản trị viên hệ thống, users, delete
p, Quản trị viên hệ thống, roles, list
p, Quản trị viên hệ thống, roles, create
p, Quản trị viên hệ thống, roles, edit
p, Quản trị viên hệ thống, roles, delete
p, Quản trị viên hệ thống, config-approvers, list
p, Quản trị viên hệ thống, config-approvers, create
p, Quản trị viên hệ thống, purchase-requests, list
p, Quản trị viên hệ thống, purchase-requests, create
p, Quản trị viên hệ thống, purchase-requests, show
p, Quản trị viên hệ thống, purchase-requests, edit
p, Quản trị viên hệ thống, purchase-requests, delete
p, Quản trị viên hệ thống, departments, list
p, Quản trị viên hệ thống, departments, create
p, Quản trị viên hệ thống, departments, show
p, Quản trị viên hệ thống, departments, edit
p, Quản trị viên hệ thống, departments, delete
p, Quản trị viên hệ thống, purchase-request-categories, list
p, Quản trị viên hệ thống, purchase-request-categories, create
p, Quản trị viên hệ thống, purchase-request-categories, show
p, Quản trị viên hệ thống, purchase-request-categories, edit
p, Quản trị viên hệ thống, purchase-request-categories, delete
p, Quản trị viên hệ thống, proposal-configs, list
p, Quản trị viên hệ thống, proposal-configs, create
p, Quản trị viên hệ thống, proposal-configs, show
p, Quản trị viên hệ thống, proposal-configs, edit
p, Quản trị viên hệ thống, proposal-configs, delete
p, Quản trị viên hệ thống, config-categories, list
p, Quản trị viên hệ thống, config-categories, create
p, Quản trị viên hệ thống, config-categories, show
p, Quản trị viên hệ thống, config-categories, edit
p, Quản trị viên hệ thống, config-categories, delete
p, Quản trị viên hệ thống, purchase-request-items, list
p, Quản trị viên hệ thống, purchase-request-items, create
p, Quản trị viên hệ thống, purchase-request-items, show
p, Quản trị viên hệ thống, purchase-request-items, edit
p, Quản trị viên hệ thống, purchase-request-items, delete
p, Quản trị viên hệ thống, categories, list
p, Quản trị viên hệ thống, categories, create
p, Quản trị viên hệ thống, categories, show
p, Quản trị viên hệ thống, categories, edit
p, Quản trị viên hệ thống, categories, delete
p, Quản trị viên hệ thống, products, list
p, Quản trị viên hệ thống, products, create
p, Quản trị viên hệ thống, products, show
p, Quản trị viên hệ thống, products, edit
p, Quản trị viên hệ thống, products, delete
p, Quản trị viên hệ thống, purchase-request-logs, list
p, Quản trị viên hệ thống, purchase-request-logs, create
p, Quản trị viên hệ thống, purchase-request-logs, show
p, Quản trị viên hệ thống, purchase-request-logs, edit
p, Quản trị viên hệ thống, purchase-request-logs, delete
p, Người tạo đề xuất, purchase-requests, list
p, Người tạo đề xuất, purchase-requests, create
p, Người tạo đề xuất, purchase-requests, show
p, Người tạo đề xuất, purchase-requests, edit